career_name,industry,education,required_skills,salary_range,description,future_demand
Data Scientist,Technology,Bachelor's/Master's in CS or Statistics,"python, statistics, machine learning, sql, data visualization, pandas, numpy, deep learning, communication","$85,000 - $160,000",Analyzes large datasets to extract insights and build predictive models that drive business decisions.,Very High
Machine Learning Engineer,Technology,Bachelor's/Master's in CS or AI,"python, machine learning, deep learning, tensorflow, pytorch, sql, mlops, cloud computing, algorithms","$95,000 - $175,000",Designs and deploys machine learning models into production systems at scale.,Very High
Frontend Web Developer,Technology,Bachelor's in CS or related,"html, css, javascript, react, responsive design, git, ui/ux, typescript","$65,000 - $120,000",Builds user-facing web interfaces and ensures great user experience across devices.,High
Backend Web Developer,Technology,Bachelor's in CS or related,"python, java, sql, rest api, databases, node.js, system design, git, cloud computing","$70,000 - $135,000","Builds and maintains server-side logic, databases, and APIs that power applications.",High
Full Stack Developer,Technology,Bachelor's in CS or related,"javascript, react, node.js, python, sql, html, css, git, rest api, cloud computing","$75,000 - $140,000",Works across the entire application stack from front-end UI to back-end services and databases.,Very High
Data Analyst,Technology,Bachelor's in any quantitative field,"excel, sql, python, data visualization, statistics, power bi, tableau, communication","$55,000 - $95,000",Collects and interprets data to help organizations make informed business decisions.,High
Cybersecurity Analyst,Technology,Bachelor's in CS or Information Security,"network security, python, linux, ethical hacking, risk assessment, siem, cryptography, firewalls","$80,000 - $145,000",Protects organizational systems and networks from cyber threats and vulnerabilities.,Very High
Cloud Engineer,Technology,Bachelor's in CS or related,"aws, azure, docker, kubernetes, linux, python, networking, ci/cd, terraform","$90,000 - $155,000","Designs, deploys, and manages scalable cloud infrastructure and services.",Very High
DevOps Engineer,Technology,Bachelor's in CS or related,"docker, kubernetes, ci/cd, linux, python, aws, terraform, monitoring, git","$90,000 - $150,000",Bridges development and operations by automating deployment pipelines and infrastructure.,Very High
Mobile App Developer,Technology,Bachelor's in CS or related,"kotlin, swift, flutter, react native, java, ui/ux, git, rest api","$70,000 - $130,000",Designs and builds native or cross-platform mobile applications for iOS and Android.,High
UI/UX Designer,Design,Bachelor's in Design or HCI,"figma, wireframing, prototyping, user research, adobe xd, communication, design thinking","$60,000 - $115,000",Designs intuitive and visually engaging digital product experiences for users.,High
Product Manager,Management,Bachelor's/MBA,"communication, roadmapping, agile, data analysis, stakeholder management, sql, leadership","$85,000 - $160,000","Defines product vision and strategy, coordinating teams to deliver valuable products.",High
Business Analyst,Business,Bachelor's in Business or related,"excel, sql, communication, process modeling, requirements gathering, power bi, stakeholder management","$60,000 - $110,000",Bridges business needs and technical solutions through analysis and documentation.,High
Digital Marketing Specialist,Marketing,Bachelor's in Marketing or related,"seo, sem, content marketing, google analytics, social media, communication, copywriting","$50,000 - $95,000",Plans and executes online marketing campaigns to grow brand awareness and revenue.,High
AI Research Scientist,Technology,Master's/PhD in CS or AI,"python, deep learning, research, mathematics, pytorch, tensorflow, nlp, computer vision, publications","$110,000 - $200,000",Conducts cutting-edge research to advance the state of the art in artificial intelligence.,Very High
Database Administrator,Technology,Bachelor's in CS or related,"sql, database design, oracle, mysql, postgresql, backup recovery, performance tuning, linux","$70,000 - $125,000","Manages, secures, and optimizes organizational databases for performance and reliability.",Medium
Network Engineer,Technology,Bachelor's in CS or Networking,"networking, cisco, routing, switching, firewalls, linux, troubleshooting, tcp/ip","$65,000 - $120,000","Designs, implements, and maintains computer networks for organizations.",Medium
Game Developer,Technology,Bachelor's in CS or Game Design,"c++, unity, unreal engine, c#, game design, 3d modeling, physics, git","$60,000 - $125,000","Designs and programs video games across platforms including consoles, PC and mobile.",High
Financial Analyst,Finance,Bachelor's in Finance or related,"excel, financial modeling, accounting, sql, communication, valuation, forecasting","$60,000 - $110,000",Analyzes financial data to guide investment and business decisions.,Medium
HR Manager,Human Resources,Bachelor's in HR or Business,"communication, recruitment, conflict resolution, labor law, leadership, organizational skills","$55,000 - $105,000","Manages recruitment, employee relations, and organizational development.",Medium
Content Writer,Media,Bachelor's in English or Communications,"writing, seo, research, communication, editing, storytelling, wordpress","$45,000 - $85,000","Creates engaging written content for websites, blogs, and marketing materials.",Medium
Blockchain Developer,Technology,Bachelor's in CS or related,"solidity, blockchain, smart contracts, python, javascript, cryptography, web3, ethereum","$95,000 - $165,000",Builds decentralized applications and smart contracts on blockchain platforms.,High
QA/Test Engineer,Technology,Bachelor's in CS or related,"selenium, test automation, python, java, manual testing, agile, sql, debugging","$60,000 - $110,000",Ensures software quality through manual and automated testing processes.,High
IT Project Manager,Management,Bachelor's/PMP Certification,"project management, agile, scrum, communication, risk management, budgeting, leadership","$80,000 - $140,000","Plans, executes, and delivers technology projects on time and within budget.",High
Embedded Systems Engineer,Technology,Bachelor's in CS/EE,"c, c++, microcontrollers, rtos, embedded systems, circuit design, debugging, python","$75,000 - $135,000",Designs and programs hardware-software systems for embedded devices.,Medium
Singer,Entertainment,Music Degree or Professional Training (Optional),"singing, vocal training, stage performance, music theory, communication, creativity, confidence","$30,000 - $150,000+","Performs songs in concerts, studios, live events, and digital platforms.",High
Dancer,Entertainment,Dance Training or Performing Arts,"dancing, choreography, stage performance, fitness, rhythm, teamwork, creativity","$25,000 - $120,000+","Performs in stage shows, films, television, and competitions.",Medium
Actor,Entertainment,Acting School (Optional),"acting, communication, confidence, improvisation, expression, storytelling, teamwork","$30,000 - $300,000+","Performs in films, television, theatre, advertisements, and web series.",High
Writer,Media,Bachelor's in English or Related Field,"writing, storytelling, creativity, editing, research, communication, proofreading","$35,000 - $90,000","Creates books, articles, blogs, scripts, and creative content.",High
Journalist,Media,Bachelor's in Journalism or Mass Communication,"writing, communication, research, interviewing, public speaking, reporting, editing","$40,000 - $90,000","Collects, investigates, and reports news across various media platforms.",Medium
Public Speaker,Education,Any Bachelor's Degree,"public speaking, communication, leadership, presentation, confidence, storytelling, motivation","$40,000 - $200,000+","Delivers speeches, seminars, workshops, and motivational sessions.",High
Teacher,Education,Bachelor's Degree with B.Ed,"teaching, communication, presentation, mentoring, patience, leadership, classroom management","$35,000 - $80,000","Educates students in schools, colleges, and educational institutions.",High
Lawyer,Legal,LLB Degree,"communication, legal research, public speaking, negotiation, critical thinking, drafting, advocacy","$60,000 - $180,000",Represents clients and provides legal advice in courts and organizations.,High
Psychologist,Healthcare,Bachelor's/Master's in Psychology,"communication, counseling, empathy, active listening, research, critical thinking, problem solving","$50,000 - $120,000",Helps individuals improve their mental health and emotional well-being.,High
Chef,Hospitality,Culinary Arts Degree or Certification,"cooking, baking, creativity, food safety, teamwork, time management, customer service","$35,000 - $120,000",Prepares meals and manages kitchen operations in restaurants and hotels.,High
Fashion Designer,Fashion,Bachelor's in Fashion Design,"fashion design, creativity, sketching, sewing, textile knowledge, styling, communication","$40,000 - $150,000","Designs clothing, accessories, and fashion collections.",High
Photographer,Media,Photography Course (Optional),"photography, creativity, lighting, photo editing, communication, composition, videography","$35,000 - $100,000","Captures professional photographs for events, brands, and media.",Medium
Graphic Designer,Design,Bachelor's in Design or Related Field,"photoshop, illustrator, canva, creativity, branding, communication, typography","$45,000 - $90,000","Designs logos, posters, social media graphics, and marketing materials.",High
Interior Designer,Design,Bachelor's in Interior Design,"creativity, space planning, sketching, autocad, communication, problem solving, design thinking","$45,000 - $120,000",Designs functional and aesthetically pleasing indoor spaces.,High
Event Manager,Event Management,Bachelor's in Management or Related Field,"communication, organization, leadership, budgeting, teamwork, event planning, negotiation","$45,000 - $100,000","Plans and manages weddings, corporate events, and exhibitions.",High
Fitness Trainer,Fitness,Fitness Certification,"fitness, coaching, anatomy, communication, motivation, leadership, nutrition","$35,000 - $90,000",Helps clients achieve fitness and health goals through personalized training.,High
YouTuber,Digital Media,Any,"content creation, video editing, communication, storytelling, social media, creativity, branding",Variable,Creates engaging video content and builds an online audience.,Very High
Social Media Influencer,Digital Media,Any,"communication, branding, content creation, photography, video editing, creativity, marketing",Variable,Creates digital content and collaborates with brands on social media platforms.,Very High
Voice Artist,Entertainment,Voice Training (Optional),"voice modulation, communication, acting, pronunciation, creativity, storytelling","$30,000 - $120,000","Records voiceovers for advertisements, films, animation, and audiobooks.",Medium
Travel Consultant,Tourism,Bachelor's in Tourism or Related Field,"communication, customer service, travel planning, sales, organization, problem solving","$35,000 - $80,000","Helps clients plan vacations, business trips, and travel itineraries.",Medium
Doctor,Healthcare,MBBS Degree,"diagnosis, patient care, anatomy, surgery, communication, critical thinking, empathy","$80,000 - $250,000",Diagnoses and treats patients in hospitals and clinics.,Very High
Nurse,Healthcare,Nursing Degree,"patient care, communication, first aid, teamwork, empathy, medication administration","$45,000 - $90,000",Provides medical care and assists doctors in treating patients.,Very High
Pharmacist,Healthcare,Bachelor's in Pharmacy,"pharmacology, communication, customer service, medicine management, attention to detail","$50,000 - $120,000",Dispenses medicines and advises patients on proper usage.,High
Architect,Architecture,Bachelor's in Architecture,"autocad, creativity, sketching, construction, communication, design thinking","$60,000 - $140,000",Designs buildings and supervises construction projects.,High
Civil Engineer,Engineering,Bachelor's in Civil Engineering,"autocad, construction, surveying, project management, mathematics, communication","$60,000 - $130,000",Plans and manages infrastructure projects like roads and bridges.,High
Mechanical Engineer,Engineering,Bachelor's in Mechanical Engineering,"cad, mechanics, problem solving, manufacturing, teamwork, mathematics","$65,000 - $135,000",Designs and develops mechanical systems and machines.,High
Electrical Engineer,Engineering,Bachelor's in Electrical Engineering,"electrical systems, circuit design, troubleshooting, mathematics, communication","$65,000 - $140,000",Designs electrical systems for industries and buildings.,High
Pilot,Aviation,Commercial Pilot License,"aviation, navigation, communication, decision making, leadership, teamwork","$90,000 - $250,000",Operates commercial and private aircraft safely.,Very High
Cabin Crew,Aviation,Any Bachelor's Degree,"customer service, communication, teamwork, first aid, problem solving","$40,000 - $100,000",Ensures passenger comfort and safety during flights.,High
Police Officer,Government,Bachelor's Degree,"leadership, communication, law enforcement, fitness, decision making, teamwork","$45,000 - $100,000",Protects citizens and maintains public safety.,High
Firefighter,Government,Fire Safety Training,"fire safety, teamwork, fitness, communication, emergency response","$40,000 - $90,000",Responds to fires and emergency rescue situations.,Medium
IAS Officer,Government,UPSC Qualification,"leadership, public administration, communication, decision making, policy analysis","$60,000 - $150,000",Manages government administration and public services.,Very High
IPS Officer,Government,UPSC Qualification,"leadership, communication, law enforcement, public administration, strategy","$60,000 - $150,000",Leads police departments and maintains law and order.,Very High
Entrepreneur,Business,Any,"leadership, communication, business planning, finance, marketing, negotiation",Variable,Starts and manages businesses across various industries.,Very High
Sales Manager,Sales,Bachelor's in Business,"sales, communication, negotiation, leadership, customer relationship management","$60,000 - $140,000",Leads sales teams and drives business revenue.,High
Real Estate Agent,Real Estate,Any,"communication, negotiation, sales, networking, customer service",Variable,"Helps clients buy, sell, and rent properties.",High
Animator,Media,Bachelor's in Animation,"animation, creativity, blender, adobe animate, storytelling, design","$45,000 - $110,000","Creates animations for films, games, and advertisements.",High
VFX Artist,Media,Bachelor's in Animation,"vfx, after effects, blender, creativity, video editing, compositing","$50,000 - $120,000",Creates visual effects for movies and digital media.,High
Radio Jockey,Media,Any,"communication, public speaking, creativity, storytelling, voice modulation","$35,000 - $90,000",Hosts radio shows and entertains audiences.,Medium
News Anchor,Media,Bachelor's in Journalism,"public speaking, communication, reporting, confidence, presentation","$45,000 - $120,000",Presents news on television and digital media platforms.,High
Translator,Language,Bachelor's in Languages,"translation, communication, writing, proofreading, language proficiency","$35,000 - $80,000",Converts written or spoken content between languages.,Medium
Interpreter,Language,Bachelor's in Languages,"communication, active listening, translation, public speaking, language proficiency","$40,000 - $90,000",Provides real-time language interpretation services.,Medium
Librarian,Education,Bachelor's in Library Science,"organization, research, communication, cataloging, information management","$35,000 - $70,000",Manages libraries and organizes information resources.,Medium
Nutritionist,Healthcare,Degree in Nutrition,"nutrition, counseling, communication, diet planning, health education","$45,000 - $100,000",Advises clients on healthy eating and nutrition plans.,High
Veterinarian,Healthcare,Doctor of Veterinary Medicine,"animal care, diagnosis, surgery, communication, empathy","$60,000 - $150,000",Provides medical care for animals.,High
Social Worker,Social Services,Bachelor's in Social Work,"communication, counseling, empathy, problem solving, case management","$35,000 - $80,000",Supports individuals and communities facing social challenges.,High
Tour Guide,Tourism,Any,"communication, storytelling, customer service, history, public speaking","$30,000 - $70,000",Guides tourists and shares information about destinations.,Medium
Hotel Manager,Hospitality,Bachelor's in Hotel Management,"leadership, customer service, communication, operations management, budgeting","$50,000 - $130,000",Oversees hotel operations and guest satisfaction.,High
Makeup Artist,Beauty,Professional Certification,"makeup, creativity, communication, beauty techniques, customer service","$30,000 - $100,000",Provides professional makeup services for clients and events.,High
Tattoo Artist,Art,Professional Training,"drawing, creativity, hygiene, communication, attention to detail",Variable,Creates permanent artistic tattoos for clients.,High
